<?xml version="1.0" encoding="UTF-8" ?>
<!DOCTYPE mapper PUBLIC "-//mybatis.org//DTD Mapper 3.0//EN" "http://mybatis.org/dtd/mybatis-3-mapper.dtd" >
<!--namespace 路径 指向dao层接口-->
<mapper namespace="com.example.shiyanspring.Dao.UserDao" >
    <sql id="Base_Column_List" >
  id,name
  </sql>

    <!--resultType 指向entity中对应的实体-->
    <select id="findAll1" parameterType="map" resultType="com.example.shiyanspring.pojo.User1">
        select  <include refid="Base_Column_List"></include>
        from abc
    </select>

    <select id="findAll2" parameterType="map" resultType="com.example.shiyanspring.pojo.User1">
        select name
        from abc where name=#{name}
    </select>

    <insert id="addAll" parameterType="com.example.shiyanspring.pojo.User1"
            keyProperty="id" useGeneratedKeys="true">
insert into abc (id,name) values (#{id},#{name})

    </insert>
    <delete id="deleteAll" parameterType="Integer">
        delete from abc where id=#{id}

    </delete>

    <update id="updateAll" parameterType="com.example.shiyanspring.pojo.User1">
	update abc set abc.name=#{name} where abc.id=#{id}
	</update>

    <resultMap type="com.example.shiyanspring.pojo.A" id="AMap">

        <result column="name" property="name" />
        <result column="sex" property="sex"/>

        <collection property="b" ofType="com.example.shiyanspring.pojo.B">
            <result column="a_name" property="a_name" />
            <result column="dizhi" property="dizhi"/>
        </collection>
    </resultMap>
    <select id="findAB" resultMap="AMap">
       SELECT a.`name`,a.sex,b.a_name,b.dizhi FROM a LEFT JOIN b on a.name=b.a_name
    </select>

    <resultMap type="com.example.shiyanspring.pojo.E" id="EMap">
        <result column="a_id" property="a_id" />
        <result column="p_id" property="p_id"/>

        <collection property="d" ofType="com.example.shiyanspring.pojo.D">
            <result column="p_id" property="p_id" />
            <result column="name1" property="name1"/>
        </collection>

        <collection property="c" ofType="com.example.shiyanspring.pojo.C">
            <result column="a_id" property="a_id" />
            <result column="name" property="name"/>
        </collection>
    </resultMap>
    <select id="findAB1" resultMap="EMap">
      SELECT apop.a_id,apop.`name`,peo.p_id,peo.`name1` FROM pop LEFT JOIN apop  on pop.a_id=apop.a_id LEFT JOIN peo ON peo.p_id=pop.p_id
    </select>

    <insert id="zhuce" parameterType="com.example.shiyanspring.pojo.User"
            useGeneratedKeys="true">
insert into U (username,password) values (#{username},#{password})

    </insert>
    <insert id="addUser" parameterType="com.example.shiyanspring.pojo.User"
            useGeneratedKeys="true">
insert into U (username,password) values (#{username},#{password})

    </insert>
    <select id="chuxun" parameterType="map" resultType="com.example.shiyanspring.pojo.User">
       SELECT username from U where username=#{username}
    </select>
    <select id="denglu" parameterType="map" resultType="com.example.shiyanspring.pojo.User">
       SELECT username,password from U where username=#{username} and password=#{password}
    </select>
</mapper>